Campaign Name,Campaign Status,Campaign Objective,Buying Type,Campaign Spend Limit,Ad Set Name,Ad Set Run Status,Ad Set Daily Budget,Ad Set Time Start,Ad Set Time Stop,Countries,Location Types,Age Min,Age Max,Locales,Optimization Goal,Billing Event,Bid Strategy,Publisher Platforms,Facebook Positions,Instagram Positions,Advantage Audience,Ad Name,Ad Status,Title,Body,Link Description,Call to Action,Link,Display Link,Video File Name,URL Tags
SN_META_PROSPECCAO_ARQUITETO,PAUSED,OUTCOME_TRAFFIC,AUCTION,1000,SN_META_PROSPECCAO_ARQUITETO_RENDER,PAUSED,16,2026-09-14 09:00,2026-10-13 23:59,BR,home,24,50,pt_BR,LANDING_PAGE_VIEWS,IMPRESSIONS,Highest volume,instagram,,"stream, story, reels",No,SN_META_PROSPECCAO_ARQUITETO_RENDER_DRONE_COPY01,PAUSED,Render fiel ao seu SketchUp,"Você modela no SketchUp? O print do modelo vira render fotorrealista, sem nada sair do lugar. Feito por arquiteto.
Planos a partir de R$ 89/mês. Comece com 80 nodes grátis, sem cartão.",80 nodes grátis · sem cartão,SIGN_UP,https://spacenode.app/lp/print-do-sketchup,spacenode.app,2026-09-04-reel-drone-nada-sai-do-lugar-ad.mp4,utm_source=meta&utm_medium=paid_social&utm_campaign=sn_meta_prospeccao_arquiteto&utm_content=sn_meta_prospeccao_arquiteto_render_drone_copy01&utm_term=arquiteto
SN_META_PROSPECCAO_ARQUITETO,PAUSED,OUTCOME_TRAFFIC,AUCTION,1000,SN_META_PROSPECCAO_ARQUITETO_RENDER,PAUSED,16,2026-09-14 09:00,2026-10-13 23:59,BR,home,24,50,pt_BR,LANDING_PAGE_VIEWS,IMPRESSIONS,Highest volume,instagram,,"stream, story, reels",No,SN_META_PROSPECCAO_ARQUITETO_RENDER_PISCAFACHADA_COPY01,PAUSED,Render fiel ao seu SketchUp,"Você modela no SketchUp? O print do modelo vira render fotorrealista, sem nada sair do lugar. Feito por arquiteto.
Planos a partir de R$ 89/mês. Comece com 80 nodes grátis, sem cartão.",80 nodes grátis · sem cartão,SIGN_UP,https://spacenode.app/lp/print-do-sketchup,spacenode.app,2026-09-04-reel-pisca-fachada-geminada-ad.mp4,utm_source=meta&utm_medium=paid_social&utm_campaign=sn_meta_prospeccao_arquiteto&utm_content=sn_meta_prospeccao_arquiteto_render_piscafachada_copy01&utm_term=arquiteto
SN_META_PROSPECCAO_ARQUITETO,PAUSED,OUTCOME_TRAFFIC,AUCTION,1000,SN_META_PROSPECCAO_ARQUITETO_RENDER,PAUSED,16,2026-09-14 09:00,2026-10-13 23:59,BR,home,24,50,pt_BR,LANDING_PAGE_VIEWS,IMPRESSIONS,Highest volume,instagram,,"stream, story, reels",No,SN_META_PROSPECCAO_ARQUITETO_RENDER_DUASREUNIOES_COPY02,PAUSED,"Do print à imagem, em minutos","Para arquitetos: reunião de manhã com o print do SketchUp, reunião da tarde com a imagem. Render em minutos, no navegador.
Planos a partir de R$ 89/mês. Comece com 80 nodes grátis, sem cartão.",80 nodes grátis · sem cartão,SIGN_UP,https://spacenode.app/lp/print-do-sketchup,spacenode.app,2026-09-04-reel-entre-duas-reunioes-ad.mp4,utm_source=meta&utm_medium=paid_social&utm_campaign=sn_meta_prospeccao_arquiteto&utm_content=sn_meta_prospeccao_arquiteto_render_duasreunioes_copy02&utm_term=arquiteto
SN_META_PROSPECCAO_ARQUITETO,PAUSED,OUTCOME_TRAFFIC,AUCTION,1000,SN_META_PROSPECCAO_ARQUITETO_PLUGIN,PAUSED,16,2026-09-14 09:00,2026-10-13 23:59,BR,home,24,50,pt_BR,LANDING_PAGE_VIEWS,IMPRESSIONS,Highest volume,instagram,,"stream, story, reels",No,SN_META_PROSPECCAO_ARQUITETO_PLUGIN_PLUGINRENDER_COPY03,PAUSED,Render dentro do SketchUp,"Renderize sem sair do SketchUp: o plugin captura a cena, a lente e o sol do seu modelo e devolve a imagem em minutos.
Plugin grátis. Cadastro com 80 nodes, sem cartão.",Plugin grátis · SketchUp 2021+,SIGN_UP,https://spacenode.app/sketchup,spacenode.app,2026-09-07-reel-plugin-render-real.mp4,utm_source=meta&utm_medium=paid_social&utm_campaign=sn_meta_prospeccao_arquiteto&utm_content=sn_meta_prospeccao_arquiteto_plugin_pluginrender_copy03&utm_term=arquiteto
SN_META_PROSPECCAO_ARQUITETO,PAUSED,OUTCOME_TRAFFIC,AUCTION,1000,SN_META_PROSPECCAO_ARQUITETO_PLUGIN,PAUSED,16,2026-09-14 09:00,2026-10-13 23:59,BR,home,24,50,pt_BR,LANDING_PAGE_VIEWS,IMPRESSIONS,Highest volume,instagram,,"stream, story, reels",No,SN_META_PROSPECCAO_ARQUITETO_PLUGIN_PLUGINNOSU_COPY03,PAUSED,Render dentro do SketchUp,"Renderize sem sair do SketchUp: o plugin captura a cena, a lente e o sol do seu modelo e devolve a imagem em minutos.
Plugin grátis. Cadastro com 80 nodes, sem cartão.",Plugin grátis · SketchUp 2021+,SIGN_UP,https://spacenode.app/sketchup,spacenode.app,2026-09-07-reel-plugin-no-sketchup.mp4,utm_source=meta&utm_medium=paid_social&utm_campaign=sn_meta_prospeccao_arquiteto&utm_content=sn_meta_prospeccao_arquiteto_plugin_pluginnosu_copy03&utm_term=arquiteto
SN_META_PROSPECCAO_ARQUITETO,PAUSED,OUTCOME_TRAFFIC,AUCTION,1000,SN_META_PROSPECCAO_ARQUITETO_PLUGIN,PAUSED,16,2026-09-14 09:00,2026-10-13 23:59,BR,home,24,50,pt_BR,LANDING_PAGE_VIEWS,IMPRESSIONS,Highest volume,instagram,,"stream, story, reels",No,SN_META_PROSPECCAO_ARQUITETO_PLUGIN_TRESCENAS_COPY04,PAUSED,"Cenas em lote, dentro do SketchUp","Três cenas do SketchUp, um clique, três renders com o mesmo preset. O plugin renderiza em lote, dentro do seu modelo.
Plugin grátis. Cadastro com 80 nodes, sem cartão.",Plugin grátis · SketchUp 2021+,SIGN_UP,https://spacenode.app/sketchup,spacenode.app,2026-09-05-reel-plugin-tres-cenas-um-clique.mp4,utm_source=meta&utm_medium=paid_social&utm_campaign=sn_meta_prospeccao_arquiteto&utm_content=sn_meta_prospeccao_arquiteto_plugin_trescenas_copy04&utm_term=arquiteto
SN_META_SEGUIDORES_ARQUITETO,PAUSED,OUTCOME_ENGAGEMENT,AUCTION,250,SN_META_SEGUIDORES_ARQUITETO_QUENTE,PAUSED,8,2026-09-14 09:00,2026-10-13 23:59,BR,home,22,55,pt_BR,VISIT_INSTAGRAM_PROFILE,IMPRESSIONS,Highest volume,instagram,,"stream, story, reels",No,SN_META_SEGUIDORES_ARQUITETO_QUENTE_DRONE_COPY05,PAUSED,"Render fiel ao SketchUp, toda semana","Render com IA para quem projeta no SketchUp: fidelidade ao modelo, bastidores do plugin, um Reel por semana.
Feito por arquiteto, em português.",@spacenode.app,VISIT_INSTAGRAM_PROFILE,https://www.instagram.com/spacenode.app/,instagram.com/spacenode.app,2026-09-04-reel-drone-nada-sai-do-lugar-ad.mp4,
SN_META_SEGUIDORES_ARQUITETO,PAUSED,OUTCOME_ENGAGEMENT,AUCTION,250,SN_META_SEGUIDORES_ARQUITETO_QUENTE,PAUSED,8,2026-09-14 09:00,2026-10-13 23:59,BR,home,22,55,pt_BR,VISIT_INSTAGRAM_PROFILE,IMPRESSIONS,Highest volume,instagram,,"stream, story, reels",No,SN_META_SEGUIDORES_ARQUITETO_QUENTE_PLUGINNOSU_COPY05,PAUSED,"Render fiel ao SketchUp, toda semana","Render com IA para quem projeta no SketchUp: fidelidade ao modelo, bastidores do plugin, um Reel por semana.
Feito por arquiteto, em português.",@spacenode.app,VISIT_INSTAGRAM_PROFILE,https://www.instagram.com/spacenode.app/,instagram.com/spacenode.app,2026-09-07-reel-plugin-no-sketchup.mp4,
